Date,Strategy,S&P 500,Nasdaq 100
2022-01-03,100000.0,100000.0,100000.0
2022-01-04,100000.0,99936.62137735923,98500.04852249016
2022-01-05,100000.0,97998.986775967,95802.1980688049
2022-01-06,100000.0,97904.12732431717,95995.07496724732
2022-01-07,100000.0,97508.01093281241,94671.62404774613
2022-01-10,100000.0,97367.07689036123,94860.25522829831
2022-01-11,100000.0,98259.38118280355,96019.33621233441
2022-01-12,100000.0,98536.24569223424,96439.05575234121
2022-01-13,100000.0,97132.32580781686,94030.52064631956
2022-01-14,100000.0,97211.96605074043,94657.67383182104
2022-01-18,100000.0,95424.43871349737,92229.72972972972
2022-01-19,100000.0,94500.23662742336,91088.84467950895
2022-01-20,100000.0,93457.19962389792,89451.21063612984
2022-01-21,100000.0,91689.47810623008,87611.60172740064
2022-01-24,100000.0,91943.6180437271,87922.1456645155
2022-01-25,100000.0,90824.48499657048,86153.50089766606
2022-01-26,99601.90272083218,90688.1375649683,86602.94046290456
2022-01-27,99305.67613211673,90199.87199186085,85619.14697462274
2022-01-28,98905.33735190367,92396.44162391042,87397.49623950702
2022-01-31,98758.22086653783,94141.02160502192,90278.51909359987
2022-02-01,100377.55225514395,94787.10828779732,91799.09262943374
2022-02-02,100626.68573543827,95680.2465094849,89645.9071279538
2022-02-03,100154.42139757842,93346.49551658791,89601.63035566985
2022-02-04,100564.475778378,93828.29813804448,89360.83749818041
2022-02-07,101810.66435510627,93480.96660738821,88687.58794701344
2022-02-08,101208.81069661722,94266.31947412423,89662.88999951477
2022-02-09,101650.22672120563,95634.7973656175,91298.09791838517
2022-02-10,100959.60559793751,93901.89239393984,88966.59226551506
2022-02-11,104200.540697499,92121.03649065895,86572.61390654568
2022-02-14,102810.16528502168,91766.82504372917,86773.9822407686
2022-02-15,101564.78147832661,93214.10924890077,88370.97869862682
2022-02-16,102562.29546511317,93296.25127956021,88402.51831724004
2022-02-17,101377.81890541247,91320.67289750803,86035.22732786647
2022-02-18,100951.92275414473,90666.45540459121,84968.33907516133
2022-02-22,100261.30652512435,89746.83992936621,84771.21645882865
2022-02-23,99981.80999470838,88093.99216523474,81927.19200349362
2022-02-24,98552.09444827892,89411.60037276636,84110.09753020524
2022-02-25,101563.75053716564,91411.98814986544,86002.47464699889
2022-02-28,101221.8693430704,91189.12055906617,86576.85962443592
2022-03-01,100121.84460779055,89778.11227606396,85215.80377504973
2022-03-02,102726.0725345898,91451.3913067046,86182.00786064341
2022-03-03,101846.4333011777,90971.25654373855,85425.05701392595
2022-03-04,101606.4978099446,90249.4907819546,83891.74632442137
2022-03-07,99889.56230346383,87585.50380792943,80506.08957251685
2022-03-08,99681.3198397427,86951.50909921048,80392.66825173468
2022-03-09,99581.87618497405,89186.02251191999,83366.4903682857
2022-03-10,99220.31701431496,88803.24898833959,82476.70920471638
2022-03-11,95530.44589661984,87652.6351121739,80737.17793197146
2022-03-14,92913.15786562115,87002.17030086083,79502.28055703819
2022-03-15,95149.90741334381,88864.33430555585,81605.1239749624
2022-03-16,99417.7822628184,90853.46403784372,84770.60992770147
2022-03-17,101942.4036585483,91975.30735504747,85096.31714299577
2022-03-18,103912.79433865957,93047.9488467801,87557.62045708185
2022-03-21,103741.18285454114,93007.50327838435,87026.90572080159
2022-03-22,105535.67618421739,94058.87957436254,88967.19879664225
2022-03-23,104866.61323129917,92904.5130165931,87797.80678344412
2022-03-24,106999.94757231932,94237.5489151623,89452.4236983842
2022-03-25,106450.90467573122,94714.55644345857,89460.30860303751
2022-03-28,107195.48923498436,95391.29002599776,90800.74239409967
2022-03-29,109289.31016229502,96560.87579249339,92301.30040273667
2022-03-30,107755.24428458726,95953.14985500056,91588.01979717598
2022-03-31,106323.43304307191,94451.24328426355,90410.1363481974
2022-04-01,107581.157002205,94773.34845525032,89978.89271677422
2022-04-04,109095.21901431338,95539.72943165638,91863.38492891454
2022-04-05,105407.09648754675,94340.53917695353,89932.79635110873
2022-04-06,103337.05566688122,93424.25941870963,87575.81639089718
2022-04-07,103860.93033223538,93821.20973945965,88315.17783492648
2022-04-08,104188.45963224406,93572.49034205695,86883.76437478772
2022-04-11,103090.68610290404,91993.65379844347,84748.16827599592
2022-04-12,103056.33643222543,91679.26247297549,84836.72182056383
2022-04-13,105103.58877570917,92703.74455079359,86206.2691057305
2022-04-14,103088.94546332455,91577.9400696748,84258.69765636373
2022-04-18,102112.71628152896,91559.17666165614,84993.20685137561
2022-04-19,103151.55830975996,93029.39392107278,85392.30433305836
2022-04-20,100091.99638671559,92971.85280314893,85429.90926294337
2022-04-21,96121.5569626667,91600.24767698586,82951.62307729632
2022-04-22,93028.9613349829,89059.26526663845,80782.0612353826
2022-04-25,94389.04734841852,89566.71121238719,82024.236983842
2022-04-26,90675.12538340874,87045.74310392636,78842.9812217963
2022-04-27,90394.82419349586,87228.37360864118,79880.14944926974
2022-04-28,95875.44577261581,89386.58249540818,80364.76781988451
2022-04-29,91746.30782160812,86143.22317822944,78173.3708573924
2022-05-02,94032.73978244295,86632.5311628935,79163.83618807317
2022-05-03,93984.30988970984,87051.16364402063,79568.9989810277
2022-05-04,97252.13854673608,89650.72958384847,81952.66631083508
2022-05-05,90716.62130804878,86454.69575133898,78138.1920520161
2022-05-06,88449.09744856002,85964.55383742967,76865.08321607063
2022-05-09,82766.01015938287,83210.08554029235,74212.72259692368
2022-05-10,83348.96580694176,83414.60668769559,74821.67984860983
2022-05-11,81515.95872574806,82041.7506676646,72793.43975932845
2022-05-12,82069.13262230036,81935.42468889228,72935.97457421514
2022-05-13,84480.1414522014,83891.19725136922,74968.46038138677
2022-05-16,84242.31385509386,83560.12734099576,74380.73171915181
2022-05-17,87210.79348397895,85245.08138107024,76170.60507545246
2022-05-18,83725.4282031088,81801.57904502592,71695.61841913726
2022-05-19,83889.23764769456,81324.36303441836,72350.06550536172
2022-05-20,84183.09737759236,81336.2465261635,71767.79562327138
2022-05-23,85409.82918185815,82845.86694241928,73091.24654277258
2022-05-24,83988.16451694231,82173.09452379514,71611.91712358678
2022-05-25,85585.35600413615,82949.69113345578,72077.12649813188
2022-05-26,88084.63991891485,84598.99469829483,74340.09413363095
2022-05-27,90175.35694686623,86691.74013930788,77102.23688679702
2022-05-31,88876.20738131825,86148.22675370109,76752.26842641564
2022-06-01,88270.14732797525,85503.59944710492,76080.23193750303
2022-06-02,90471.16773836079,87079.10027373729,78206.73006938717
2022-06-03,89683.23342017211,85656.00001667859,76132.3936144403
2022-06-06,90578.91130144996,85924.73371596786,76447.78980057256
2022-06-07,92213.27855262657,86742.60982326955,76889.95099228491
2022-06-08,92647.7837040525,85806.73272776172,76539.37600077636
2022-06-09,88765.06317003953,83764.23152377637,74583.91964675627
2022-06-10,85752.53654568507,81325.82241059758,71903.65859575913
2022-06-13,80598.47996397744,78173.36138115362,68706.63302440681
2022-06-14,81654.67066930216,77877.94194601559,68680.55218593818
2022-06-15,83401.14265080306,79014.79598963427,70284.22048619535
2022-06-16,79403.36145500508,76445.45998494758,67754.37915473821
2022-06-17,79645.80657850284,76614.12217480408,68353.63190838954
2022-06-21,80879.77440351357,78489.42056511217,70045.85375321461
2022-06-22,79362.98907343663,78387.26423256619,69797.17599107185
2022-06-23,80338.20519947255,79134.04787170832,70673.61346984327
2022-06-24,83201.88767701173,81552.65116531188,73259.25566500072
2022-06-27,83096.95136515985,81310.60320187134,73021.49546314716
2022-06-28,81026.90536809541,79672.34919953217,70647.53263137463
2022-06-29,80723.52514364451,79616.05897547623,70698.48124605755
2022-06-30,79389.85033670969,78918.68564411653,69710.44203988549
2022-07-01,79116.13023456033,79751.1555132105,70259.95924110826
2022-07-05,79224.46241458047,79877.49579386938,71466.95618419137
2022-07-06,79409.30992799689,80163.32504268676,72002.52316948907
2022-07-07,81436.44827389921,81362.93226201224,73324.15449560872
2022-07-08,81288.79129926141,81294.96702852247,73561.30816633509
2022-07-11,79592.11004988497,80358.25600376936,72020.11257217721
2022-07-12,78928.9177641865,79615.01656391963,71263.16172545975
2022-07-13,79032.55675917363,79260.17967005589,70969.60065990586
2022-07-14,78161.06595877922,79022.50983515305,71428.13819205202
2022-07-15,79998.22274819462,80540.26106155025,72712.77111941384
2022-07-18,79609.32513438798,79866.65471368082,72102.60080547334
2022-07-19,82140.72499457604,82073.04386259348,74537.21674996361
2022-07-20,82918.16002103187,82556.88961070098,75208.04017662186
2022-07-21,84119.67560429605,83371.01303639893,76096.60827793683
2022-07-22,82559.4006366004,82592.99874702131,75215.31855014799
2022-07-25,82819.34064944088,82701.57633475588,74597.86986268136
2022-07-26,81832.50189731391,81746.9358312294,73792.39652578969
2022-07-27,84192.45703872386,83885.17211257211,76142.7046436023
2022-07-28,85918.35554487485,84902.94105996577,78247.36765490804
2022-07-29,87149.99251314484,86109.21971325342,78550.0266873696
2022-08-01,86864.14850407497,85866.17103471857,78590.66427289047
2022-08-02,87154.80966912578,85294.09557246116,78223.10640982095
2022-08-03,89367.297913501,86627.96540027561,80230.11790965112
2022-08-04,89160.96163949583,86560.58391725755,80715.34281139309
2022-08-05,90309.61969264291,86419.90005357996,80028.7495754282
2022-08-08,91086.89550767973,86312.71929733123,80000.84914357805
2022-08-09,90725.35880076064,85946.41587634497,79043.13649376485
2022-08-10,95731.56287006919,87775.84815816302,81028.31287301664
2022-08-11,94689.39918629495,87714.34587632412,80827.55106992091
2022-08-12,96224.14647035878,89233.34799658925,82236.52287835411
2022-08-15,96494.03333279613,89587.97640814165,82844.26706778591
2022-08-16,96184.64588498266,89755.59618644156,82753.2873987093
2022-08-17,94483.60371599159,89105.96530437375,81814.98374496578
2022-08-18,94522.32645934615,89308.1931463525,81986.02552282983
2022-08-19,91365.24876749852,88156.53685863024,80233.75709641418
2022-08-22,89251.5725957158,86269.98042351098,78341.98651074772
2022-08-23,89653.8986367377,86076.5088386076,78071.47362802658
2022-08-24,90127.90829304178,86327.52154143482,78485.73438788878
2022-08-25,91937.50774074493,87544.01582797707,79629.65209374545
2022-08-26,88017.29896438742,84595.03353437978,76096.00174680965
2022-08-29,87385.81477293585,84030.88039995247,75776.9663739143
2022-08-30,86352.39984252889,83104.17652614265,74905.3811441603
2022-08-31,85120.94317001181,82454.54564407482,74576.03474210296
2022-09-01,83976.25511308089,82702.01414760965,74506.89019360473
2022-09-02,83562.49517222724,81814.08798370503,73518.24445630549
2022-09-06,83302.18773439304,81479.05690941653,72865.01043233539
2022-09-07,84866.75818663577,82973.45811694607,74332.20922897762
2022-09-08,86146.08110164068,83521.97507802451,74870.8088699112
2022-09-09,88954.72959004148,84797.05289404721,76356.81013149595
2022-09-12,90282.8648678206,85694.9862088951,77438.25513125333
2022-09-13,85779.18387773327,81989.42160752372,73074.26367121161
2022-09-14,86288.87312675684,82267.53701082233,73797.24877480713
2022-09-15,85371.20817141245,81336.03804385218,72148.69717113882
2022-09-16,83831.9620903874,80751.87060753831,72000.09704498034
2022-09-19,84452.05397610368,81305.59962639971,72616.33267019263
2022-09-20,83339.44254955211,80389.52835046711,72041.34116162841
2022-09-21,81688.85053709341,79013.54509576636,70321.21888495317
2022-09-22,79073.56796028142,78347.65259341571,69782.01271289242
2022-09-23,77821.6871722657,76997.10418069578,68695.10893299044
2022-09-26,77358.32541997386,76201.32719839386,68235.35833858994
2022-09-27,78284.70059951983,76039.33644249955,68477.97078946092
2022-09-28,80753.40152081754,77535.19702620832,69617.03624630015
2022-09-29,78553.82882170942,75897.15150618045,67757.4118103741
2022-09-30,77629.47267725132,74753.62602859961,66680.81905963413
2022-10-03,80437.43814360267,76688.96732456735,68231.71915182687
2022-10-04,84553.38766324082,79033.97636227554,70268.45067688872
2022-10-05,83902.89861869541,78874.90435873969,70172.01222766752
2022-10-06,83368.95951215544,78066.82692006997,69442.35528167305
2022-10-07,79014.24384474508,75880.68140358632,66962.85603377165
2022-10-10,77349.96835216941,75312.15014062132,66349.65306419526
2022-10-11,75423.54335016393,74820.7573328441,65653.96186132272
2022-10-12,75428.08381487217,74574.95668779983,65497.47683051095
2022-10-13,76494.02077328117,76510.7149483902,66806.37100295986
2022-10-14,74462.97743362117,74700.88000383608,64886.09345431608
2022-10-17,77513.28335262346,76678.54320900144,67220.63176282206
2022-10-18,78979.31425087809,77554.79436347223,68363.94293755155
2022-10-19,78043.34542698177,77037.34126678022,67351.64248629239
2022-10-20,78702.36503042548,76424.82023612707,66802.12528506962
2022-10-21,80671.09404194195,78238.40786228493,68732.71386287543
2022-10-24,79358.24910121475,79168.03048845321,69224.00407588918
2022-10-25,82037.30123066295,80455.4087608437,70013.7076034742
2022-10-26,82457.14368287388,79861.02569127524,69344.70377019748
2022-10-27,83171.96865130258,79375.2619059036,67118.73453345626
2022-10-28,85013.50424377041,81330.40902144658,70216.28899995149
2022-10-31,84071.91887029601,80723.72549551034,69221.57795138046
2022-11-01,84648.32150449006,80393.07254975953,68416.71114561599
2022-11-02,81484.72926038144,78382.67762171719,66146.46513659082
2022-11-03,80454.88685966168,77552.91802267038,64869.11058275511
2022-11-04,79950.93088138853,78609.5063764315,65737.05662574603
2022-11-07,80916.06321525981,79364.83779033768,66574.67611237809
2022-11-08,82479.78301199616,79809.11359575698,67055.04876510262
2022-11-09,80617.44777221691,78150.84529153125,65567.83444126352
2022-11-10,88878.08198400983,82483.52468534808,70606.28851472656
2022-11-11,90843.65553158635,83245.31905090513,71568.24688243002
2022-11-14,89450.5905279205,82501.87112874408,71153.9861225678
2022-11-15,91713.47610478262,83220.71813816957,71910.93696928526
2022-11-16,89017.27885997655,82533.56044006447,71149.74040467756
2022-11-17,88538.63458378272,82278.5865733222,71018.72968120723
2022-11-18,89055.38620521718,82670.11635397795,70842.2291231986
2022-11-21,88179.15080870353,82349.47055917041,70108.32645931389
2022-11-22,89321.18662550788,83467.35271245912,71034.49949051384
2022-11-23,90340.43095162854,83961.45579028348,71879.39735067204
2022-11-25,89892.72655760421,83937.27184217056,71341.40424086565
2022-11-28,88478.55237080545,82641.34579501602,70363.06953272842
2022-11-29,88752.46016995187,82509.37649195155,69738.94900286282
2022-11-30,91151.044750955,85063.07632328935,73102.16410306176
2022-12-01,91828.51947012336,84989.482067394,72894.1239264399
2022-12-02,91904.54244994652,84887.95118178199,72552.646901839
2022-12-05,88562.75173295273,83368.53209689424,71544.59216847009
2022-12-06,86625.22924586627,82168.09094832349,70072.54112281042
2022-12-07,86030.14842385367,82015.4818964385,69664.95220534717
2022-12-08,87263.9082016789,82632.38105562935,70523.80028143043
2022-12-09,87099.30848531857,82025.07208275914,70028.26435052647
2022-12-12,88297.6723169942,83196.32570774533,70884.07977097384
2022-12-13,89686.87762835984,83802.38378674761,71738.07559803968
2022-12-14,89079.92428879764,83295.56328793283,71363.23936144402
2022-12-15,85602.00160827066,81219.28794951392,68838.25027900432
2022-12-16,84049.86952854203,80314.68320070385,68010.94182153427
2022-12-19,81913.77773059993,79591.24958042936,67198.79664224369
2022-12-20,82182.6337568756,79673.8085757114,67264.90853510602
2022-12-21,82914.84158423761,80858.82203324459,68228.68649619099
2022-12-22,81603.49045556756,79689.86171368291,66409.69964578582
2022-12-23,81814.577266967,80157.48753796984,66597.72429521082
2022-12-27,80346.93913256862,79833.29754386989,65632.12674074434
2022-12-28,79267.87840405092,78873.65346487178,64862.438740356156
2022-12-29,81527.05641313866,80250.4706488178,66371.48818477363
2022-12-30,81711.80637283904,80046.5749483485,66446.69804454365
2023-01-03,81749.83909112423,79726.34611816361,65893.5416565578
2023-01-04,84522.16603463498,80327.8175863169,66120.99082924935
2023-01-05,83400.6626246243,79391.94049080907,65253.65131738561
2023-01-06,85047.0568303794,81205.3196346556,66879.15473822116
2023-01-09,85818.48193959608,81143.40038819406,67355.88820418263
2023-01-10,87332.2417211617,81709.63834573457,67960.59973797854
2023-01-11,89822.90847078845,82759.13830091087,69117.25459750593
2023-01-12,90762.11874398297,83041.84031505846,69469.04265126886
2023-01-13,91635.36057418294,83373.7441546772,69967.61123780873
2023-01-17,92484.13115733759,83204.87348250939,70078.60643408219
2023-01-18,90914.38431990959,81909.5728822888,69242.20000970451
2023-01-19,90251.50971013882,81284.33443064525,68712.09180455141
2023-01-20,93633.03509535843,82821.68299430635,70424.93570770053
2023-01-23,95949.24557728934,83806.13646835135,72003.12970061623
2023-01-24,95838.4045413461,83746.09356269168,72233.61152894366
2023-01-25,96345.44531327227,83730.87435396544,71677.42248532195
2023-01-26,98386.62498879526,84652.57465230364,72784.34179242078
2023-01-27,99919.97369813581,84864.18419829171,73781.4789655005
2023-01-30,96894.61847228189,83763.18911221978,72382.21165510213
2023-01-31,98918.13877711742,84989.69054970532,73161.60415352516
2023-02-01,99784.3815356567,85878.03367823256,75515.55145810083
2023-02-02,102064.72577820084,87140.39407326486,76575.76786840701
2023-02-03,99980.91876120109,86238.4995945019,76217.91450337232
2023-02-06,99209.99031766964,85708.5375591308,75603.49847154155
2023-02-07,100723.9143280166,86811.82595062722,77007.61803095735
2023-02-08,99476.95754415248,85849.88856620461,75906.76403513028
2023-02-09,99045.36835077121,85092.26384687392,75252.31694890582
2023-02-10,99160.98028805044,85278.64703319246,74589.98495802803
2023-02-13,100220.24463480969,86255.38666171869,75829.12805085156
2023-02-14,101286.16730305017,86231.20271360579,76287.05905187054
2023-02-15,102380.03269054371,86470.33192468785,77031.87927604445
2023-02-16,99270.67898079139,85278.02158625852,75416.08035324371
2023-02-17,98838.71524778316,85042.0196098462,74899.31583288853
2023-02-21,97574.57427417058,83337.67671481913,73259.25566500072
2023-02-22,97737.37558584742,83206.54134099993,73594.06084720268
2023-02-23,98627.32367029173,83649.98321717394,73788.75733902665
2023-02-24,97303.0217570763,82768.52000492018,72630.88941724488
2023-02-27,97751.60334882056,83022.45146010588,73177.37396283177
2023-02-28,96984.15357367741,82770.81331034469,72886.84555291377
2023-03-01,96285.24033997054,82379.70049431158,72545.36852831287
2023-03-02,97065.79592251882,83003.89653439855,72982.6774710078
2023-03-03,98993.75426051211,84344.64627848651,74623.3441700228
2023-03-06,98104.1752155687,84402.60436103298,74620.3115143869
2023-03-07,96925.92838146964,83108.55465468034,73737.80872434372
2023-03-08,97173.18023797266,83226.13867826384,74130.84089475471
2023-03-09,94614.44264068356,81690.24949078196,72774.03076325876
2023-03-10,92824.88579833569,80507.52933867327,71913.36309379397
2023-03-13,92184.92023243401,80385.98415117469,72462.27376388956
2023-03-14,93721.4575120961,81710.47227497984,73939.78358969382
2023-03-15,92884.83617964383,81139.64770659035,74371.027221117
2023-03-16,94134.46953388081,82565.04126907352,76274.32189819982
2023-03-17,92344.00933447607,81655.22446248049,75927.99262458149
2023-03-20,93083.54831486045,82383.03621129265,76268.25658692804
2023-03-21,95862.00202750362,83452.55046835552,77280.5570381872
2023-03-22,93068.55245607247,82079.06900139058,76255.51943325732
2023-03-23,92824.29788750266,82323.61875256694,77296.32684749381
2023-03-24,92856.93617222665,82787.9088598728,77621.42753166093
2023-03-27,93944.0284397572,82924.6732560976,76980.32413023435
2023-03-28,94048.40569386161,82794.16332921234,76585.47236644184
2023-03-29,95842.61292868099,83972.50535278335,77860.40079576883
2023-03-30,96162.16414543879,84452.43163343807,78659.20229026153
2023-03-31,98229.51416247363,85672.0531546501,79971.73564947353
2023-04-03,98418.4890552964,85988.52930323128,79708.50114027852
2023-04-04,96955.59634525167,85490.46506149186,79511.37852394585
2023-04-05,95449.81172147799,85276.97917470193,78596.72958416225
2023-04-06,95708.63643822605,85582.61424309455,79161.41006356446
2023-04-10,96629.02457149318,85667.88350842372,79182.0321218885
2023-04-11,98002.341331141,85664.33930913132,78682.25047309427
2023-04-12,97509.38656935419,85310.12786220154,77933.79106215731
2023-04-13,98423.98351855332,86441.1444011033,79347.00858848076
2023-04-14,97987.54286913191,86262.2665779922,79462.85603377166
2023-04-17,99131.62805063,86547.47037987564,79344.58246397205
2023-04-18,99507.9732214283,86621.48160039361,79410.0878257072
2023-04-19,98437.20455338304,86614.18471949748,79276.044446601
2023-04-20,97502.80675164987,86099.02492822998,78846.01387743218
2023-04-21,97053.34369406542,86176.37186572906,78785.96729584162
2023-04-24,96912.18234633429,86249.7576393131,78631.90838953856
2023-04-25,93964.52751561799,84886.07484098012,77838.56567519045
2023-04-26,94440.53280529313,84560.42547070094,78096.34140424087
2023-04-27,95946.07126551222,86214.52412870032,79985.6858653986
2023-04-28,96864.08328481484,86926.49122185228,80378.11150468241
2023-05-01,96689.5987395168,86892.92556973004,80123.97496239508
2023-05-02,95078.33254690323,85885.74752375134,79431.31641515842
2023-05-03,93620.62007996636,85284.6930202207,78927.28904847396
2023-05-04,92328.27667851739,84669.4617195204,78746.54277257509
2023-05-05,93576.8892772611,86233.70450134159,80342.93269930613
2023-05-08,92296.0732264907,86272.6906935581,80521.85938182347
2023-05-09,91874.37231510917,85877.61671360995,80045.73244698918
2023-05-10,92081.10464685259,86262.2665779922,80956.13566888252
2023-05-11,91088.87802839336,86116.32896006938,81217.55058469601
2023-05-12,90490.28031051914,85979.56456384459,80759.61958367703
2023-05-15,91859.90799550404,86233.91298365292,81310.95637828133
2023-05-16,90628.45013115607,85683.93664639525,81572.37129409482
2023-05-17,93234.536994749,86703.20666643039,82381.48381774953
2023-05-18,92954.40608568821,87522.12518528866,84040.34645057983
2023-05-19,92878.82054072492,87395.57642231844,83616.98772380999
2023-05-22,93488.06462335549,87408.7108079315,84087.04934737251
2023-05-23,93032.80542030439,86427.80153317892,82988.62147605415
2023-05-24,91797.05157453386,85795.26620063919,83632.15100198942
2023-05-25,90954.47361329911,86546.63645063037,84540.73463050123
2023-05-26,93354.24710620525,87675.98513104155,86869.20762773545
2023-05-30,93105.72722073857,87677.86147184343,87173.07972245135
2023-05-31,92062.74813822552,87142.27041406672,86436.75093405793
2023-06-01,93624.48373596255,88000.59208976415,87721.38386141976
2023-06-02,95187.13701566272,89280.04803432453,88276.35984278712
2023-06-05,94877.65088313825,89100.75324659079,88285.4578096948
2023-06-06,96153.39706422336,89310.90341639964,88337.01295550486
2023-06-07,96743.38463813718,88970.03483739423,86704.83769227036
2023-06-08,97576.50972247038,89520.63662158584,87945.80037847541
2023-06-09,98183.99739142113,89623.8353656884,88239.96797515647
2023-06-12,98245.97355926465,90458.80702251819,89821.80115483527
2023-06-13,99554.43653131966,91086.33877958627,90445.92168470086
2023-06-14,99228.30412850168,91160.55848241557,91181.03741083993
2023-06-15,100454.96201144617,92271.14375480814,92067.78591877334
2023-06-16,100497.32444537891,91932.3599989159,91678.9994662526
2023-06-20,98947.87771342904,91497.04893288329,91359.96409335727
2023-06-21,98492.59148369438,91016.70568760595,90125.06671842399
2023-06-22,97733.83339047375,91354.8639965642,91350.86612644962
2023-06-23,96385.48135242285,90654.78039515737,90290.64971614342
2023-06-26,97741.67230781118,90248.03140577539,89204.9589984958
2023-06-27,98912.67604962966,91281.8951876028,90527.19685574263
2023-06-28,97857.75985545418,91249.58042934848,90918.40943277208
2023-06-29,98626.85982791774,91658.20575953233,90677.01004415545
2023-06-30,99371.7167272972,92782.34238216058,91931.31641515842
2023-07-03,100524.20195610485,92890.96166635741,92212.74685816874
2023-07-05,100464.94946994014,92708.12267933128,92186.66601970012
2023-07-06,99101.6168505493,91974.05646117957,91438.81313989034
2023-07-07,99534.66461703593,91710.53481967322,91250.18195933815
2023-07-10,100301.88962139864,91931.10910504799,91276.86932893396
2023-07-11,101807.93172454232,92550.51005197465,91712.96520937454
2023-07-12,102296.41073504061,93236.41685621183,92908.43806104129
2023-07-13,103949.49605127219,94026.56481610818,94387.76748022708
2023-07-14,103580.39982819105,93929.82902365648,94387.1609490999
2023-07-17,103655.9455445701,94291.96279841637,95166.55344752292
2023-07-18,104434.22404245264,94963.06735854998,95931.38919889368
2023-07-19,104798.05622663363,95186.97736090582,95886.50589548255
2023-07-20,104535.6942320606,94543.80943048887,93901.32951623076
2023-07-21,104856.67487094758,94574.8732948753,93637.48847590858
2023-07-24,104949.77308857173,94956.39592458778,93757.58163908971
2023-07-25,105162.15904157076,95223.2532830752,94660.70648745692
2023-07-26,105826.97288765288,95208.4510389716,94114.22194187004
2023-07-27,104790.48591030359,94596.76393756371,93924.98423019069
2023-07-28,107043.60210410393,95531.59862151496,95465.5732932214
2023-07-31,107948.13905035573,95671.90721703219,95645.10650686592
2023-08-01,106474.22595297589,95416.51638566727,95293.31845310301
2023-08-02,104184.25658481209,94096.4063903998,93153.47663642098
2023-08-03,104174.28942296783,93856.23476776114,93200.17953321364
2023-08-04,104021.84947936414,93358.79597295569,92716.77422485322
2023-08-07,104173.1617280638,94201.27299299292,93465.23363579018
2023-08-08,103528.51583539613,93804.3226722429,92642.1708962104
2023-08-09,103479.17453800654,93143.6422276752,91745.11135911495
2023-08-10,105724.39331317949,93167.40921116549,91868.84370905915
2023-08-11,105439.30247298253,93067.75466635535,91217.42927847058
2023-08-14,105215.76767792116,93602.51179488677,92263.69547285167
2023-08-15,103433.36362628391,92521.3225283901,91267.7713620263
2023-08-16,103143.59868859375,91822.28133853983,90209.37454510164
2023-08-17,102084.08312416871,91114.48389161422,89057.57193459169
2023-08-18,101255.42308634202,91100.93254137853,89091.53767771361
2023-08-21,101031.67832516874,91727.2134045787,90483.52661458586
2023-08-22,100741.52118654101,91472.44802014773,90446.52821582803
2023-08-23,101939.20464788625,92483.17026541884,92772.57508855354
2023-08-24,100411.89289482974,91238.5308668486,89696.8557426367
2023-08-25,100875.51648353261,91851.46886212441,90555.70381871998
2023-08-28,101743.08940677892,92426.88004136289,91337.5224416517
2023-08-29,104139.8020261119,93767.83826776218,93326.33800766655
2023-08-30,104385.67231603258,94127.26177247493,93866.75724198166
2023-08-31,104627.92318452567,93976.94602601443,94046.89698675336
2023-09-01,105039.49818487624,94146.02518049357,93920.73851230045
2023-09-05,104676.82542377661,93751.15968285673,93942.57363287883
2023-09-06,103915.97852629192,93097.15067225123,93185.0162550342
2023-09-07,104352.35604106936,92798.6040024434,92606.9920908341
2023-09-08,104809.16085146753,92930.99027013053,92811.99961182008
2023-09-11,105527.35307330487,93555.81175715147,93752.12285894512
2023-09-12,105433.95082696337,93022.9309694219,92781.06652433402
2023-09-13,105090.24029389839,93138.01320526961,93189.86850405161
2023-09-14,106521.32318686285,93923.57455431693,93896.47726721335
2023-09-15,105384.29906388596,92781.50845291532,92190.30520646319
2023-09-18,105126.20423283201,92848.01431022587,92409.26294337425
2023-09-19,104908.33003377882,92648.28825598292,92172.10927264787
2023-09-20,104831.40072766862,91778.29157085168,90698.23863360667
2023-09-21,102890.62674357672,90273.04928313357,89021.78659808822
2023-09-22,102282.26688820713,90065.40090106055,89180.6977534087
2023-09-25,102370.2827630796,90428.16012275439,89665.31612402348
2023-09-26,101250.27025216974,89095.74967111916,88332.76723761462
2023-09-27,101109.92239321348,89116.18093762836,88640.2785190936
2023-09-28,102534.57364286233,89640.9309152165,89294.72560531808
2023-09-29,103433.04511129399,89398.04902253069,89426.34285991556
2023-10-02,101903.8451455646,89405.55438573814,90031.05439371149
2023-10-03,99548.24229957022,88176.75964282811,88335.79989325053
2023-10-04,100241.33611315468,88891.85397064987,89483.35678587024
2023-10-05,99252.77914092368,88775.52084093426,89285.6276384104
2023-10-06,100677.2485697979,89824.3953491766,90962.07967392886
2023-10-09,100811.20969940028,90390.63330671709,91293.85220049492
2023-10-10,103383.55987724873,90861.3863656738,91839.73021495462
2023-10-11,103236.10596596579,91251.45677015033,92637.92517832015
2023-10-12,101933.6330323126,90681.46613100613,92138.75006065311
2023-10-13,100697.02310428786,90226.76621002091,90877.16531612402
2023-10-16,102284.90978577649,91182.24064279266,92067.78591877334
2023-10-17,103537.06915988144,91173.69286802862,91701.44111795817
2023-10-18,101320.04116594343,89951.56955908077,90638.79858314327
2023-10-19,100684.07768599736,89188.5242996558,89410.57305060895
2023-10-20,99040.84631771498,88066.05553551808,88273.93371827842
2023-10-23,98191.03016769805,87917.61612985947,88822.23785724682
2023-10-24,99555.20479977794,88556.82289636135,89329.29787956717
2023-10-25,97914.75729207628,87286.95713812161,87171.26012906982
2023-10-26,97357.99780382615,86253.71880322816,85665.24334028822
2023-10-27,96390.06063567573,85839.67293295001,86050.39060604588
2023-10-30,96200.96354985668,86871.03492704162,86883.15784366053
2023-10-31,96804.56224172813,87433.52020297838,87156.70338201757
2023-11-01,97448.22333971919,88352.09326664679,89013.29516230772
2023-11-02,102370.54523916512,90018.28389870262,90294.2889029065
2023-11-03,103986.34284715133,90863.88815340963,91642.60759862195
2023-11-06,103705.47295137423,91023.16863925681,91870.0567713135
2023-11-07,103627.6392533728,91281.26974066885,92796.83633364065
2023-11-08,103159.77406585822,91373.41892227155,92727.69178514242
2023-11-09,102461.00713311408,90634.76609327081,92127.22596923674
2023-11-10,103840.23209292276,92049.73554018809,94091.78029016449
2023-11-13,103993.74436125529,91972.80556731165,93958.34344218546
2023-11-14,106802.24985225296,93727.60118167775,95979.91168906787
2023-11-15,107274.18080728289,93877.2914812043,95700.90737056624
2023-11-16,106500.4154658847,93988.62103544823,96038.7452084041
2023-11-17,107620.11022192561,94109.54077601286,95924.71735649473
2023-11-20,108289.26498563163,94805.0377665707,97232.39846668931
2023-11-21,108289.07959878219,94613.02555784656,96517.2982677471
2023-11-22,108631.13330000416,94997.67542222881,97037.70197486534
2023-11-24,108791.092314307,95053.96564628475,96853.3165122034
2023-11-27,108585.2779414831,94868.62487152278,96812.67892668252
2023-11-28,109083.5827431365,94961.60798237073,97116.55102139841
2023-11-29,109967.37961767433,94871.33514156991,97063.78281333398
2023-11-30,110066.80462457446,95230.75864628266,96583.41016060943
2023-12-01,111040.58665916277,95790.11668754966,97043.16075500994
2023-12-04,110557.21723697288,95271.62117930106,95985.37046921247
2023-12-05,109299.82311265882,95217.41577835829,96260.12906982386
2023-12-06,108404.87796980292,94845.90029958909,95771.26498131883
2023-12-07,109062.51943898799,95601.23171349528,97000.70357610752
2023-12-08,109684.27738865341,95992.76149415103,97501.69828715609
2023-12-11,111744.73882237871,96369.4890307032,98429.08438061041
2023-12-12,111713.86703109424,96812.72242456589,99295.2108302198
2023-12-13,114299.4056692936,98134.29179601258,100323.88762191273
2023-12-14,117205.12961512899,98394.06075591517,100251.71041777865
2023-12-15,116824.71358409632,98386.55539270771,100710.85448105197
2023-12-18,117041.7581520015,98832.49905661754,101370.15381629384
2023-12-19,117835.60699439682,99411.87139977109,101968.19350769081
2023-12-20,115551.1117342604,97952.07825592038,100562.25435489349
2023-12-21,116811.52912556993,98961.54960732357,101590.32461545928
2023-12-22,116556.69044180869,99125.83366864239,101703.74593624142
2023-12-26,117796.8199471428,99544.88311439216,102430.37022660005
2023-12-27,117650.55436403217,99687.6934976452,102682.68717550584
2023-12-28,117424.20898658858,99724.59486674854,102514.67805327768
2023-12-29,116757.96604331756,99442.30981722356,102030.66621379009
2024-01-02,115533.94102764614,98879.40757666416,100406.98238633605
2024-01-03,115039.44515611611,98087.17479365463,99277.62142753166
2024-01-04,114697.35864202527,97750.89282549822,98786.9377456451
2024-01-05,115168.60433172177,97928.93671936405,98907.63743995341
2024-01-08,116573.97150363633,99311.591408027,100872.19176088116
2024-01-09,116161.31460823689,99164.81986085892,101123.29564753264
2024-01-10,115791.79045169665,99726.67968986172,101925.73632878839
2024-01-11,115958.42091509412,99659.3399033059,101983.96331699741
2024-01-12,115442.14656745446,99734.60201769182,101950.60410500265
2024-01-16,114525.52053843821,99362.46109198865,102151.3659080984
2024-01-17,112982.94684378331,98804.35394458959,101458.70736086175
2024-01-18,113370.06699057222,99674.35062972082,103031.44257363288
2024-01-19,114003.09518940598,100901.68599645163,105152.48192537241
2024-01-22,113945.51162017042,101123.09421107166,105107.59862196127
2024-01-23,114461.03416799521,101418.51364620969,105694.72075306902
2024-01-24,113456.41473967094,101500.44719455777,106161.74972099566
2024-01-25,113863.02354277193,102034.78735846658,105957.3487311369
2024-01-26,114580.5003193704,101967.86453653341,105476.36954728514
2024-01-29,116880.38714297804,102738.83212378845,106694.89058178465
2024-01-30,115455.98436933928,102676.70439501562,105325.94982774515
2024-01-31,113602.96569918151,101023.43966626153,104089.83939055752
2024-02-01,115210.76676202496,102285.17461435986,106350.98743267504
2024-02-02,115455.47014626225,103378.45585491299,106773.13309719054
2024-02-05,114889.21674442549,103049.05380303008,106814.98374496578
2024-02-06,115398.48862150898,103287.14060255558,106512.32471250425
2024-02-07,117114.49088126127,104137.95691504555,107767.23761463439
2024-02-08,121449.73742003813,104197.7913383939,107843.05400553157
2024-02-09,122479.27155081586,104796.13557187741,108898.41816682031
2024-02-12,126821.53912227161,104696.27254475595,108274.29763695473
2024-02-13,121097.08799575895,103264.62451293321,106902.93075840651
2024-02-14,123229.7608531219,104254.29004476116,107957.0818574409
2024-02-15,124178.87160728764,104860.76508838609,108518.12315008005
2024-02-16,122817.02584781317,104357.07182424108,107246.22737638895
2024-02-20,121112.09079271558,103730.79096104093,106363.72458634578
2024-02-21,119560.65026187382,103861.92633486014,106004.05162792954
2024-02-22,122394.01529523262,106055.36873223993,109190.76617011985
2024-02-23,122255.08688045987,106092.27010134325,108932.99044106943
2024-02-26,123521.1065507404,105690.94165205555,108784.99684603814
2024-02-27,123202.31602565618,105870.86188672323,109013.65908098404
2024-02-28,121867.91839071459,105695.73674521587,108418.04551409578
2024-02-29,123801.08851396818,106248.42335252065,109576.5199670047
2024-03-01,124327.83056660765,107098.822700388,110986.0983065651
2024-03-04,123401.47503013209,106971.02304354987,110566.37876655828
2024-03-05,121935.5814992804,105880.66055535519,108579.38279392499
2024-03-06,123283.34874037298,106425.4248348299,109296.30258624874
2024-03-07,125715.54161915563,107521.6248277415,110984.88524431073
2024-03-08,124290.80335524856,106819.66488553281,109469.77048862148
2024-03-11,124529.38523786524,106699.78755652478,109064.00116453976
2024-03-12,125746.47300162293,107895.4336119352,110464.48153719248
2024-03-13,126130.48354064819,107687.36826523955,109754.2335872677
2024-03-14,124309.92709091664,107378.18899755452,109258.09112523652
2024-03-15,123233.95565558784,106682.48352468536,108038.96355960987
2024-03-18,124006.91009137011,107356.50683717741,109063.3946334126
2024-03-19,123735.65501140512,107962.98188080233,109335.12057838807
2024-03-20,125448.66303285147,108924.293818291,110919.98641370273
2024-03-21,125349.62081225713,109276.83740673024,111226.89116405453
2024-03-22,124647.91591075191,109123.18594328864,111155.32049104762
2024-03-25,124904.95238434996,108789.8227274907,110966.08277936824
2024-03-26,124369.61899606878,108485.23007065465,110687.68499199377
2024-03-27,125669.28448431681,109421.52413078512,110897.54476199718
2024-03-28,125038.96144890694,109543.69476521766,110642.19515745548
2024-04-01,124859.4324425628,109323.53744446552,110912.70804017663
2024-04-02,123558.91412552525,108531.72162607865,110007.1570673007
2024-04-03,124291.05089105328,108650.13957890743,110271.60463875005
2024-04-04,122748.84780286788,107310.01528175341,108452.6177883449
2024-04-05,124312.97662638944,108501.4916909375,109827.01732252899
2024-04-08,125242.16711981989,108460.42067560779,109876.75287495753
2024-04-09,125590.95083719968,108617.61633834177,110314.66834877965
2024-04-10,124513.27453304699,107590.42399047654,109194.4053568829
2024-04-11,126773.68191168655,108390.9960659388,111029.16201659468
2024-04-12,123734.94996234389,106813.82738081588,109171.96370517735
2024-04-15,122241.07560270521,105529.78482540652,107434.25202581396
2024-04-16,122480.15207497898,105312.75473932413,107527.65781939928
2024-04-17,122463.98515553193,104704.40335489737,106172.66728128487
2024-04-18,122344.16118290795,104472.77950702271,105409.04459216847
2024-04-19,121105.54202725417,103558.16760726937,103288.61177155613
2024-04-22,121512.12981712983,104461.93842683418,104333.66490368286
2024-04-23,123643.0726739123,105712.20684781003,106255.76204570816
2024-04-24,125076.00655614753,105734.30597280974,105325.34329661798
2024-04-25,125507.5313014912,105250.41852823997,107241.98165849871
2024-04-26,126500.28534560044,106324.93636077447,107415.44956087145
2024-04-29,128759.12736699526,106662.88618742143,107889.15037119706
2024-04-30,124565.59217316768,104985.43751055443,105489.1067009559
2024-05-01,123616.13628403137,104624.76311197378,105318.67145421903
2024-05-02,125609.86156562895,105579.40361550024,106933.86384589259
2024-05-03,127277.47482938573,106905.55959779593,108647.31428016887
2024-05-06,128754.53380807354,108009.05647160366,109652.33635790188
2024-05-07,128483.1397363386,108154.57712490384,109726.93968654472
2024-05-08,129145.72225341722,108153.53471334725,109538.9150371197
2024-05-09,129935.25190419196,108704.13649753887,109926.48842738608
2024-05-10,129071.52666618642,108883.84824989524,110045.97505944005
2024-05-13,129907.07880297507,108857.16251404649,110322.55325343294
2024-05-14,131394.59959450667,109384.20579705914,111081.32369353194
2024-05-15,135334.34516915912,110665.32960011008,112795.9871900626
2024-05-16,133943.45164223827,110434.95664610337,112472.706099277
2024-05-17,134806.4379523149,110563.59023218676,112477.55834829445
2024-05-20,135066.50600463944,110664.91263548746,113157.47974186034
2024-05-21,135672.34236879653,110942.19410954078,113491.07186180794
2024-05-22,135651.31542970947,110641.97958124244,113635.42627007616
2024-05-23,133438.6997874976,109825.35436780867,112903.34319957298
2024-05-24,135040.46806644142,110593.82016732791,114034.52375175893
2024-05-28,136935.81611406404,110621.33983242193,114529.45315153574
2024-05-29,135382.89482444074,109806.79944210134,113308.50599252753
2024-05-30,136077.14238657546,109150.28864376004,112367.16968314815
2024-05-31,135176.6032735957,110026.53979823082,112348.36721820562
2024-06-03,134941.6315528317,110149.75284421993,112906.37585520888
2024-06-04,134901.2016386677,110315.28779940667,113162.33199087775
2024-06-05,138342.8838842645,111622.26340906107,115488.37886360328
2024-06-06,138336.7466322745,111599.53883712736,115400.43185016254
2024-06-07,136986.37192750437,111475.07489727033,115209.98107622884
2024-06-10,137985.59179635535,111762.78048688959,115658.81411034013
2024-06-11,138313.95395751673,112065.70528523509,116540.10383812895
2024-06-12,139749.00888293597,113018.67793027103,118719.37017807754
2024-06-13,139413.89119811796,113284.07591257921,118753.94245232665
2024-06-14,138815.77190777866,113239.46069795707,119279.80493958949
2024-06-17,139183.19461621446,114107.37255997516,120669.9742830802
2024-06-18,138550.6519468753,114394.66118497177,120805.23072444079
2024-06-20,139550.68934297393,114105.7047014846,119933.64549468679
2024-06-21,139544.07575430075,113927.45232530746,119693.4591683245
2024-06-24,139975.3216608979,113578.66141847195,118161.36154107428
2024-06-25,139233.18046643876,114025.02204700442,119499.9757387549
2024-06-26,138999.9472676391,114204.73379936081,119435.07690814692
2024-06-27,139386.90347455113,114308.34950808599,120158.66854286961
2024-06-28,139755.32056569326,113841.55761304434,119635.83871124264
2024-07-01,139135.2874467289,114146.15026988038,120071.32806055607
2024-07-02,139202.5838930646,114853.32226987203,121278.3250036392
2024-07-03,140553.54944466107,115436.86425925193,122407.68596244357
2024-07-05,140880.62057904445,116066.27235712185,123540.07957688387
2024-07-08,140793.03782608843,116184.27334532801,124060.48328400213
2024-07-09,140089.68929222834,116269.95957527986,124101.120869523
2024-07-10,141409.8703150497,117457.26633823755,125352.39458489009
2024-07-11,141312.86181112292,116427.98916725912,122581.15386481634
2024-07-12,143394.19000964783,117069.90620380815,123267.14056965402
2024-07-15,145074.3545984713,117400.76763187029,123854.26270076178
2024-07-16,147526.4473608745,118151.30395261614,123683.22092289776
2024-07-17,144680.3231425631,116505.75306938082,120218.10859333299
2024-07-18,142822.83482875497,115594.68536891988,119835.99398321121
2024-07-19,144178.22278815275,114769.30389841074,118359.6972196613
2024-07-22,145473.68497126992,116007.89730995274,120105.29380367801
2024-07-23,143167.17875602265,115827.56011066242,120010.67494783833
2024-07-24,140634.91070926088,113145.85214017516,115834.7081372216
2024-07-25,139893.2154115987,112564.39497390845,114161.28875733902
2024-07-26,142162.74359197542,113812.37008945977,115331.8938327915
2024-07-29,140883.5818725254,113905.35320030773,115638.79858314327
2024-07-30,139194.75754663968,113340.36613663514,113561.42947256051
2024-07-31,141863.09364622468,115129.97829699141,117859.3090397399
2024-08-01,138811.515005338,113553.85202342508,114197.0740938425
2024-08-02,133355.0184721312,111466.11015788365,111527.12407200738
2024-08-05,130199.35201635206,108126.01504825323,109250.20622058323
2024-08-06,132537.8779141335,109245.56506003249,108963.3169974283
2024-08-07,129545.23380725655,108400.58625225944,107553.7386578679
2024-08-08,133824.82795290332,110897.9958595413,111858.29006744626
2024-08-09,133388.5148796704,111416.07440316725,112080.28045999321
2024-08-12,133644.17909154817,111420.86949632759,112316.22106846521
2024-08-13,135996.85246344854,113298.46119206015,115176.62186423407
2024-08-14,135216.99660516818,113731.27047035693,115470.78946091514
2024-08-15,138022.72015568617,115566.12329226927,118033.38347323987
2024-08-16,139127.46812492935,115796.49624627599,118335.43597457421
2024-08-19,141212.44376980606,116921.88376277215,119848.73113688195
2024-08-20,138637.8471941083,116689.84295027489,119563.66150710855
2024-08-21,139925.31770175032,117184.57147503321,120287.85967295841
2024-08-22,137995.7640973989,116138.19875452666,118480.39691396961
2024-08-23,141922.85783841152,117471.44313540719,119481.1732738124
2024-08-26,141865.71260174728,117101.3870328172,118161.36154107428
2024-08-27,141585.3711673727,117287.77021913577,118665.99543888592
2024-08-28,139417.97973660255,116587.26965310628,116705.08030472124
2024-08-29,140477.46311584578,116582.26607763465,117585.15697025572
2024-08-30,141496.35313767177,117758.94024271512,118490.10141200447
2024-09-03,136220.840389531,115268.20206939543,114878.20854966277
2024-09-04,135614.56080896835,115083.90370619006,114742.34557717502
2024-09-05,134974.06744284724,114736.57217553377,114503.37231306711
2024-09-06,131900.95785272444,112756.19870032127,111023.09670532291
2024-09-09,134750.81364367352,114061.92341610776,113334.58683099618
2024-09-10,134369.23365594793,114572.07963190363,114051.5066233199
2024-09-11,136084.08615431475,115793.99445854017,116576.4957057596
2024-09-12,138034.89353328903,116661.48935593561,117614.27046436022
2024-09-13,140921.09745971535,117292.35682998478,118193.50769081469
2024-09-16,140765.14698743637,117439.7538240868,117735.57668979571
2024-09-17,140289.67234888973,117470.81768847322,117913.2903100587
2024-09-18,140100.77577133005,117130.57455640177,117574.23940996653
2024-09-19,143539.03470056158,119119.49580637831,120190.81469261002
2024-09-20,141948.59681474132,118887.87195850367,119956.69367751954
2024-09-23,143125.21065317336,119222.27758585823,120281.18783055946
2024-09-24,144394.76049416582,119521.6581849113,121070.28482701731
2024-09-25,143134.16289901282,119299.20755873469,121431.17084768788
2024-09-26,146162.82459760856,119780.59321556862,122061.35668882527
2024-09-27,147819.76048871217,119630.48595141945,121175.21471201902
2024-09-30,146292.43243396896,120137.72341485687,121518.51133000145
2024-10-01,146063.4675983206,119017.13099152103,119854.7964481537
2024-10-02,147556.84278782966,119034.01805873781,120431.60755009945
2024-10-03,146068.6902893164,118833.87503987223,119835.38745208405
2024-10-04,148206.17792425118,119899.42813302008,121349.89567664613
2024-10-07,146764.22852223527,118750.06515072231,120255.713523218
2024-10-08,147282.2014334952,119901.09599151062,121892.74103546994
2024-10-09,149877.51854547753,120753.99712711376,122881.38677276918
2024-10-10,150698.6927336431,120503.60987122048,122855.30593430056
2024-10-11,151679.743061467,121233.29796083453,122735.8193022466
2024-10-14,154227.8280078995,122167.71568016312,124136.90620602648
2024-10-15,148957.5315781766,121237.67608937221,122307.00179533214
2024-10-16,148152.8493810883,121805.37342309192,122306.39526420497
2024-10-17,148112.7492325027,121784.52519196009,122661.82250473094
2024-10-18,148921.24277885768,122268.20415421855,123289.5822213596
2024-10-21,147210.16519899596,122044.91959879664,123700.8103255859
2024-10-22,147615.88767450923,121986.96151625014,123606.7980008734
2024-10-23,145284.422093846,120866.16061060301,122113.51836576252
2024-10-24,146269.74242979533,121125.51260588296,122784.34179242079
2024-10-25,147613.75439527206,121088.81971909094,123354.48105196758
2024-10-28,148029.63995853692,121409.88247852112,123618.32209228977
2024-10-29,148500.16801985362,121605.8558511603,124825.92556650007
2024-10-30,146684.29540426028,121204.52740187259,123592.84778494832
2024-10-31,143029.55564506922,118948.33182878599,120796.13275753311
2024-11-01,143885.4754507248,119435.55499033687,121576.73831821048
2024-11-04,143316.32610663414,119099.27302218044,121274.68581687611
2024-11-05,148431.822136755,120560.5255422104,122838.32306273957
2024-11-06,152994.19484544414,123609.78782755176,126314.35295259352
2024-11-07,156212.57547128777,124528.36089122019,128127.2744917269
2024-11-08,154210.81251617492,124996.19519781844,128150.92920568683
2024-11-11,154694.43648402518,125117.32342069437,128104.22630889415
2024-11-12,153271.449046067,124755.81509286846,127928.3322820127
2024-11-13,153341.9928709605,124784.7941341417,127836.74608180893
2024-11-14,152142.1430595734,124029.46272023552,126729.82677471008
2024-11-15,150907.8954499569,122392.25112945294,123844.55820272696
2024-11-18,153526.65065601448,122871.34348086237,124663.37522441651
2024-11-19,155250.41549233437,123358.35816010193,125449.43956523847
2024-11-20,156612.26842127627,123361.48539477168,125370.5905187054
2024-11-21,155497.69858910868,124019.87253391487,125694.47814061816
2024-11-22,158427.78513840225,124449.97154216451,126200.93163181134
2024-11-25,160215.35464973067,124826.28211409404,126404.72609054296
2024-11-26,157154.21520022085,125540.54251267052,127044.61642971516
2024-11-27,157274.7408482124,125062.9095374403,125855.2088893202
2024-11-29,158129.95477229464,125764.66099733769,127011.86374884758
2024-12-02,160027.7769896555,126072.17240653219,128403.85268571983
2024-12-03,159626.75375348772,126129.08807752207,129113.49410451745
2024-12-04,159190.49539063746,126892.34181925835,130281.06652433402
2024-12-05,157801.28713022766,126655.08894897814,129911.08253675578
2024-12-06,159692.44382388412,126971.56509755929,131011.33000145566
2024-12-09,159079.82251066703,126191.0073239836,130106.9920908341
2024-12-10,155968.16049720967,125816.99005747857,129842.54451938473
2024-12-11,158133.65780777784,126844.39088765516,131820.44252511038
2024-12-12,157132.78101709392,126157.85863648399,131099.88354602357
2024-12-13,156917.81916432764,126154.31443719158,131892.01319811732
2024-12-16,155757.91508152476,126633.61527091234,134050.65747974184
2024-12-17,155871.60515774565,126144.30728624831,133416.83245184142
2024-12-18,150391.78931952707,122424.35740539595,128338.95385511185
2024-12-19,149258.2212463121,122318.03142662361,128033.2621670144
2024-12-20,151673.66719534673,123647.52312590039,128890.89718084333
2024-12-23,152467.98553209516,124549.00064004071,130090.00921927314
2024-12-24,153958.6928365831,125924.35844780752,131987.23858508418
2024-12-26,153489.65090100066,125872.86331691187,131640.30278033868
2024-12-27,151848.5083317376,124481.66085348491,130068.17409869473
2024-12-30,148702.0916362882,123149.45888416098,128118.78305594643
2024-12-31,147856.95654015528,122621.37318959174,127219.29739434228
2025-01-02,148548.0177232199,122349.09529101006,126955.4563540201
2025-01-03,153148.21702605806,123889.77957165225,128784.75423358726
2025-01-06,155778.99159001163,124575.89485820076,130608.59333300985
2025-01-07,153448.74389666395,123192.61472260387,128187.92760444465
2025-01-08,152622.86268445384,123385.25237826198,127936.8237177932
2025-01-10,149764.34519098158,121483.26825210516,125951.64733854143
2025-01-13,150446.49306556577,121674.65501389536,126012.30045125916
2025-01-14,152339.16932071766,121814.12968016729,125939.51671599787
2025-01-15,155980.69840154116,124045.3073758957,128379.59144063274
2025-01-16,156201.34467661864,123783.24511056862,127410.35469940318
2025-01-17,159346.97904710812,125019.5452166861,129690.30520646319
2025-01-21,161190.13252306587,126115.74520959769,130920.95686350625
2025-01-22,162496.2791752601,126889.84003152253,132217.72041341162
2025-01-23,163351.011940966,127564.48879094856,132480.95492260664
2025-01-24,163187.4031377192,127200.27019307547,131778.59187733513
2025-01-27,162606.52918680914,125345.61155158792,128202.48435149691
2025-01-28,162918.60129423154,126501.02052091392,129764.908535106
2025-01-29,163067.23677301654,125909.13923908127,129928.67193944391
2025-01-30,164600.2777792211,126573.36388294135,130100.32024843513
2025-01-31,164058.34741612145,125934.15711643947,129843.1510505119
2025-02-03,164467.6133079216,124976.3893782432,129850.42942403804
2025-02-04,166859.4821648607,125879.32626856276,130045.73244698918
2025-02-05,166531.6029993501,126370.9275586513,131241.20529865593
2025-02-06,166504.28748154882,126831.46498435343,131712.4799844728
2025-02-07,165081.18056225817,125631.02383578266,130102.1398418167
2025-02-10,168310.36993018852,126474.75174968781,131725.21713814352
2025-02-11,168097.90315810684,126517.28214119673,131506.86593235962
2025-02-12,168443.99985510876,126173.07784521021,131890.80013586296
2025-02-13,172025.07229847345,127488.60122962868,133269.4453879373
2025-02-14,176037.41946156332,127479.01104330803,134033.0680770537
2025-02-18,178582.2833628107,127790.69209872889,134210.78169731668
2025-02-19,175629.58995407168,128094.45082631965,134421.85452957446
2025-02-20,172880.2871547512,127539.26243127903,133771.04663011304
2025-02-21,169160.30743987483,125362.91558342734,131093.81823475182
2025-02-24,166387.38661055977,124740.38740183091,129447.08622446503
2025-02-25,162512.52214401244,124156.63693013968,127927.72575088554
2025-02-26,162186.06622983748,124173.52399735645,127996.26376825658
2025-02-27,158953.491668566,122203.15767308725,124632.44213693048
2025-02-28,160121.50826105126,124141.0007567908,126232.47125042455
2025-03-03,157456.4257402395,121956.10613417505,123807.55980396914
2025-03-04,157344.6396295447,120463.99823207001,123405.42966665047
2025-03-05,160484.09355427438,121808.29217545038,125052.16167693725
2025-03-06,156092.181890403,119638.19979693824,121587.65587849969
2025-03-07,156934.58706378844,120298.25479457194,122543.54893493133
2025-03-10,150084.88301095055,117053.43610121399,117936.33849289147
2025-03-11,151465.1639847508,116168.01172504519,117477.19442961813
2025-03-12,155428.649589766,116735.29209414228,118540.44349556019
2025-03-13,153034.97173168827,115114.13364133121,116877.94167596681
2025-03-14,159368.82806674048,117561.71597620801,119153.64646513658
2025-03-17,161946.2998076113,118316.00497855758,120204.15837740792
2025-03-18,159633.47186933964,117055.52092432718,118200.7860643408
2025-03-19,162627.29018870715,118319.96614247264,119698.91794846911
2025-03-20,162809.68338607572,118061.03111181532,119381.09563782813
2025-03-21,162449.58024798034,118158.80931582362,119814.15886263283
2025-03-24,167462.1789240661,120243.42394669524,122252.41399388616
2025-03-25,168510.65352484077,120433.1428499949,123208.3070503178
2025-03-26,164245.62418655836,119089.47435354849,120637.82813333979
2025-03-27,162855.86515410064,118695.65126746822,120115.60483284002
2025-03-28,157479.22773788485,116352.93553518452,116347.22693968656
2025-03-31,156525.42747128103,116996.93739484674,116614.10063564463
2025-04-01,158016.3785124212,117439.33685946417,117765.29671502742
2025-04-02,159849.1460464982,118229.90178398314,114903.68285700423
2025-04-03,145078.38509574547,112507.68778522988,112019.62734727547
2025-04-04,135541.9770605392,105785.80110370537,105059.68266291426
2025-04-07,136441.32409108887,105538.74956479316,105903.36746081807
2025-04-08,133361.4042138925,103882.149119058,103459.65354942015
2025-04-09,152227.54350183858,113766.50398096975,116408.48658353147
2025-04-10,143363.83022807149,109829.73249634636,111223.85850841865
2025-04-11,145388.39030482955,111816.3604408984,113196.2977339997
2025-04-14,146001.95167062973,112704.70356942566,113776.74802270852
2025-04-15,145731.13110218834,112509.98109065437,113934.44611577466
2025-04-16,141654.20120380263,109989.22146450485,110525.13464991022
2025-04-17,142441.20237561918,110134.74211780501,110907.85579115918
2025-04-21,139433.0152299456,107539.13734189222,107838.20175651413
2025-04-22,143115.72809246473,110240.65113195471,110559.70692415936
2025-04-23,147257.88885598368,112076.96333004629,113602.0670580814
2025-04-24,152623.95663125714,114347.96114723646,116629.26391382406
2025-04-25,153655.36042967,115191.06361420765,117842.32616817896
2025-04-28,154555.0628056194,115264.4493877917,117476.58789849094
2025-04-29,154610.39748934278,115933.26064250078,118316.6335096317
2025-04-30,153815.36282315227,116105.25854933838,119699.5244795963
2025-05-01,154400.98263882636,116836.19753282033,119440.53568829152
2025-05-02,159434.33123301124,118556.80204813024,121837.54670289677
2025-05-05,157421.7397244725,117800.21974035613,120961.10922412538
2025-05-06,154990.29957018216,116893.9471330555,119832.35479644815
2025-05-07,154802.74588909087,117402.0185257382,120506.21087874229
2025-05-08,160984.3256041403,118083.33871912638,121716.24047746128
2025-05-09,161183.75913411146,117998.90338304246,121650.12858459896
2025-05-12,169309.14777371255,121841.23238063867,126615.19239167354
2025-05-13,172496.11199799128,122723.94648676032,128435.99883546024
2025-05-14,172362.88108396015,122849.66132048528,129318.50162550343
2025-05-15,172016.36123981196,123357.31574854531,129314.86243874035
2025-05-16,173235.76213531953,124221.47492895965,129270.58566645639
2025-05-19,172142.65558835168,124330.3026954678,130057.25653840553
2025-05-20,172122.05959082767,123847.87462707727,129513.80464845456
2025-05-21,168281.24269620955,121849.98863771404,127842.81139308069
2025-05-22,168315.3030294335,121795.36627214865,128272.84196224948
2025-05-23,167329.57853675215,120978.74105871489,126633.38832548885
2025-05-27,171558.88812351905,123453.42609406305,129940.19603086029
2025-05-28,169744.81895076347,122766.05991364665,130234.36362754134
2025-05-29,169607.88973043612,123258.49513298046,129405.2355766898
2025-05-30,166057.6437450059,123248.07101741455,129280.89669561842
2025-06-02,168003.1519149135,123754.05758698404,130495.77854335484
2025-06-03,170827.1419133877,124471.44522023028,131334.61109224125
2025-06-04,171226.79674671567,124481.03540655093,131692.46445727596
2025-06-05,170893.56992531562,123823.69067896435,130295.01674025909
2025-06-06,173105.13382355537,125097.1006364965,132064.26803823572
2025-06-09,174883.9836792261,125212.18287234422,132201.950604105
2025-06-10,179010.97472788324,125898.29815889274,133011.66965888688
2025-06-11,178380.44306377548,125553.25993366093,132599.22849240623
2025-06-12,178404.5802586675,126032.76924969302,132784.82701732253
2025-06-13,176550.49430463035,124609.04354570038,131201.78077538937
2025-06-16,178531.24853027772,125779.88020606393,133009.24353437818
2025-06-17,176723.32803849026,124729.33783933103,131767.67431704595
2025-06-18,176427.1312932804,124690.35164711451,131866.53889077588
2025-06-20,175593.13326725404,124419.1161600894,131327.93924984228
2025-06-23,174806.0283935192,125613.92828625455,132533.11659954386
2025-06-24,178007.7762837448,127011.38521902109,134632.32083070502
2025-06-25,176736.5084927099,127010.5512897758,134999.27216264736
2025-06-26,177859.38877640304,128029.19586287702,136241.4479111068
2025-06-27,177703.17096422575,128697.7986352748,136694.52666310832
2025-06-30,178737.87612094267,129362.02327913488,137509.70449803484
2025-07-01,181610.33165622002,129217.75351970264,136428.86602940463
2025-07-02,182728.7716750028,129830.48303266709,137429.03585812022
2025-07-03,183866.57545703574,130913.54863996565,138688.8010092678
2025-07-07,181236.86328227253,129884.27146898722,137415.6921733223
2025-07-08,184585.54068160444,129790.87139351665,137823.28109078557
2025-07-09,185148.7863203743,130577.68363643187,138685.1618225047
2025-07-10,185217.02225591603,130936.69017652198,138508.0547333689
2025-07-11,183675.07550053947,130504.50634515916,138118.661749721
2025-07-14,182465.22658199948,130688.17926143057,138748.24105973117
2025-07-15,181201.7965272905,130171.56009398385,138636.63933233052
2025-07-16,181814.26799973653,130587.27382275253,138930.20039788441
2025-07-17,183327.73422359693,131288.60831802725,140189.96554903197
2025-07-18,182458.56095023788,131276.72482628212,139948.56616041533
2025-07-21,182667.95598987222,131460.39774255353,140731.59784560144
2025-07-22,185444.85522174832,131544.62459632615,139853.94730457565
2025-07-23,186195.23390469592,132571.81694419138,141146.4651365908
2025-07-24,185912.4838472221,132664.80005503935,141085.20549274588
2025-07-25,186298.7035156557,132664.80005503935,141085.20549274588
2025-07-28,185443.88238409662,132664.80005503935,141085.20549274588
2025-07-29,185396.92463097788,132664.80005503935,141085.20549274588
2025-07-30,184377.30768180965,132664.80005503935,141085.20549274588
2025-07-31,183630.49445342558,132664.80005503935,141085.20549274588
2025-08-01,182844.2007875003,132664.80005503935,141085.20549274588
2025-08-04,183389.3379603973,132664.80005503935,141085.20549274588
2025-08-05,183659.65802233943,132664.80005503935,141085.20549274588
2025-08-06,183435.76860400513,132664.80005503935,141085.20549274588
2025-08-07,176775.40718680163,132664.80005503935,141085.20549274588
2025-08-08,176893.92900390105,132664.80005503935,141085.20549274588
2025-08-11,176259.90378912352,132664.80005503935,141085.20549274588
2025-08-12,177968.46806670947,132664.80005503935,141085.20549274588
2025-08-13,179106.37887978114,132664.80005503935,141085.20549274588
2025-08-14,178890.89332760347,132664.80005503935,141085.20549274588
2025-08-15,180436.3252685848,134466.91708215454,143821.08734351496
2025-08-18,180055.97184337105,134453.36776787892,143831.3225562861
2025-08-20,182128.93209129857,133008.79301837043,140570.44773748727
2025-08-22,184678.35259361123,134823.63764627642,142523.40688913217
2025-08-25,184061.74019360237,134248.428027085,142083.61259037312
2025-08-26,184410.0012685726,134803.41038296637,142688.20092253384
2025-08-27,184898.08054235598,135125.72322188044,142934.2132646841
2025-08-28,184527.64085460542,135552.27721645363,143768.79772641807
2025-08-29,185048.89822970738,134684.98876540945,142021.81038548084
2025-09-02,184027.24247991876,133752.66156988224,140903.909548013
2025-09-03,183397.17421715785,134434.8099918275,142018.29203109076
2025-09-04,184150.69510152162,135556.8683064148,143341.56051740138
2025-09-05,186743.76695812747,135127.8100809537,143459.40762000217
2025-09-08,187046.4114324554,135412.3863999431,144125.75077181085
2025-09-09,193673.80697675585,135776.3957011208,144595.8123953734
